t_sec,rss_kb_total,gc_kb,inflight,limit
0,21764,914,32,216
10,21880,752,32,386
20,21988,715,32,606
30,21928,774,32,891
40,22052,1007,32,1000
50,22172,791,32,1000
60,22172,1147,32,1000
70,22300,769,32,1000
81,22300,811,32,1000
91,22300,980,32,1000
101,22300,997,32,1000
111,22300,944,32,1000
121,22300,1000,32,1000
131,22300,1001,32,1000
141,22300,696,32,1000
151,22300,872,32,1000
161,22300,1101,32,1000
171,22300,1035,32,1000
181,22300,653,32,1000
191,22556,676,32,1000
201,22548,733,32,1000
211,22532,907,32,1000
221,22660,783,32,1000
231,22528,681,32,1000
241,22528,1066,32,765
252,22520,1106,32,1000
262,22388,697,32,1000
272,22380,750,32,1000
282,22508,767,32,1000
292,22376,1063,32,1000
302,22372,1020,32,1000
312,22372,1110,32,1000
322,22112,1204,32,1000
332,22112,729,32,1000
342,22112,1265,32,1000
352,22112,639,32,1000
362,21976,720,32,1000
373,21716,813,32,1000
383,21716,930,32,1000
393,21716,672,32,1000
403,21716,1115,32,1000
413,21716,1090,32,1000
423,21716,1158,32,1000
433,21716,941,32,1000
443,21716,1166,32,1000
453,21716,1092,32,1000
463,21716,721,32,1000
473,21716,923,32,1000
483,21716,739,32,1000
493,21716,1052,32,1000
503,21716,735,32,1000
513,21716,1029,32,1000
523,21716,1155,32,1000
533,21716,889,32,1000
543,21716,693,32,1000
554,21588,926,32,1000
564,21588,706,32,1000
574,21588,1091,32,1000
584,21452,773,32,1000
594,21452,716,0,1000
